act_name,case id
f,1
i,1
h,1
r,1
m,1
t,1
q,1
e,1
n,1
j,1
d,1
a,2
c,2
p,2
h,2
g,2
e,2
n,2
j,2
d,2
f,3
l,3
b,3
m,3
g,3
c,3
t,3
q,3
e,3
n,3
j,3
d,3
a,4
g,4
r,4
h,4
b,4
m,4
t,4
e,4
n,4
j,4
d,4
f,5
c,5
g,5
h,5
i,5
o,5
m,5
q,5
t,5
e,5
n,5
j,5
d,5
a,6
h,6
p,6
b,6
m,6
q,6
t,6
e,6
n,6
j,6
d,6
f,7
h,7
b,7
i,7
r,7
m,7
t,7
e,7
n,7
j,7
d,7
a,8
a,9
s,9
l,9
k,9
p,9
e,9
n,9
j,9
d,9
f,10
l,10
g,10
p,10
c,10
r,10
m,10
q,10
t,10
e,10
n,10
j,10
d,10
a,11
c,11
o,11
m,11
p,11
t,11
g,11
h,11
q,11
e,11
n,11
j,11
d,11
a,12
o,12
h,12
i,12
m,12
t,12
e,12
n,12
j,12
d,12
a,13
l,13
g,13
p,13
c,13
e,13
n,13
j,13
d,13
a,14
o,14
m,14
i,14
l,14
q,14
e,14
n,14
j,14
d,14
a,15
b,15
r,15
p,15
m,15
l,15
t,15
e,15
n,15
j,15
d,15
a,16
h,16
o,16
p,16
m,16
q,16
t,16
e,16
n,16
j,16
d,16
a,17
a,18
s,18
k,18
p,18
l,18
e,18
n,18
j,18
d,18
a,19
g,19
i,19
b,19
r,19
m,19
h,19
t,19
e,19
n,19
j,19
d,19
a,20
r,20
l,20
m,20
q,20
t,20
e,20
n,20
j,20
d,20
a,21
g,21
r,21
m,21
c,21
p,21
l,21
t,21
q,21
e,21
n,21
j,21
d,21
f,22
k,22
i,22
h,22
s,22
e,22
n,22
j,22
d,22
a,23
i,23
l,23
s,23
k,23
e,23
n,23
j,23
d,23
a,24
g,24
s,24
h,24
k,24
e,24
n,24
j,24
d,24
f,25
f,26
l,26
o,26
m,26
q,26
t,26
e,26
n,26
j,26
d,26
f,27
s,27
h,27
k,27
g,27
e,27
n,27
j,27
d,27
a,28
p,28
r,28
m,28
h,28
t,28
q,28
e,28
n,28
j,28
d,28
a,29
p,29
l,29
e,29
n,29
j,29
d,29
f,30
l,30
i,30
r,30
m,30
t,30
e,30
n,30
j,30
d,30
f,31
s,31
p,31
g,31
l,31
k,31
e,31
n,31
j,31
d,31
a,32
s,32
k,32
h,32
p,32
e,32
n,32
j,32
d,32
a,33
f,34
k,34
g,34
l,34
s,34
e,34
n,34
j,34
d,34
f,35
l,35
g,35
b,35
r,35
p,35
m,35
t,35
e,35
n,35
j,35
d,35
a,36
i,36
s,36
k,36
h,36
g,36
e,36
n,36
j,36
d,36
a,37
g,37
s,37
p,37
k,37
l,37
e,37
n,37
j,37
d,37
a,38
g,38
i,38
s,38
c,38
h,38
k,38
e,38
n,38
j,38
d,38
a,39
k,39
i,39
h,39
g,39
s,39
e,39
n,39
j,39
d,39
a,40
f,41
h,41
i,41
e,41
g,41
c,41
n,41
j,41
d,41
f,42
p,42
l,42
g,42
o,42
m,42
q,42
e,42
n,42
j,42
d,42
a,43
s,43
g,43
p,43
l,43
k,43
e,43
n,43
j,43
d,43
f,44
i,44
h,44
b,44
r,44
m,44
q,44
t,44
e,44
n,44
j,44
d,44
a,45
r,45
l,45
b,45
i,45
m,45
q,45
e,45
n,45
j,45
d,45
a,46
k,46
s,46
h,46
p,46
e,46
n,46
j,46
d,46
f,47
f,48
l,48
r,48
b,48
m,48
t,48
q,48
e,48
n,48
j,48
d,48
a,49
r,49
g,49
l,49
c,49
m,49
t,49
q,49
e,49
n,49
j,49
d,49
f,50
s,50
p,50
c,50
g,50
k,50
h,50
e,50
n,50
j,50
d,50
a,51
p,51
h,51
r,51
g,51
c,51
m,51
q,51
e,51
n,51
j,51
d,51
f,52
l,52
p,52
o,52
m,52
q,52
t,52
e,52
n,52
j,52
d,52
f,53
g,53
k,53
s,53
l,53
e,53
n,53
j,53
d,53
a,54
h,54
g,54
i,54
k,54
s,54
e,54
n,54
j,54
d,54
f,55
h,55
k,55
g,55
s,55
i,55
e,55
n,55
j,55
d,55
f,56
h,56
s,56
g,56
k,56
e,56
n,56
j,56
d,56
a,57
g,57
p,57
l,57
e,57
n,57
j,57
d,57
a,58
g,58
f,59
i,59
h,59
o,59
g,59
c,59
m,59
t,59
q,59
e,59
n,59
j,59
d,59
a,60
g,60
k,60
s,60
h,60
i,60
e,60
n,60
j,60
d,60
f,61
l,61
g,61
k,61
c,61
p,61
s,61
e,61
n,61
j,61
d,61
a,62
l,62
g,62
p,62
s,62
k,62
c,62
e,62
n,62
j,62
d,62
f,63
i,63
b,63
l,63
r,63
m,63
q,63
t,63
e,63
n,63
j,63
d,63
f,64
k,64
l,64
p,64
s,64
e,64
n,64
j,64
d,64
f,65
l,65
g,65
r,65
b,65
m,65
c,65
i,65
q,65
t,65
e,65
n,65
j,65
d,65
a,66
p,66
r,66
m,66
l,66
t,66
e,66
n,66
j,66
d,66
f,67
h,67
g,67
s,67
c,67
k,67
e,67
n,67
j,67
d,67
f,68
c,68
p,68
l,68
g,68
e,68
n,68
j,68
d,68
f,69
h,69
i,69
b,69
r,69
m,69
t,69
e,69
n,69
j,69
d,69
f,70
s,70
h,70
g,70
k,70
e,70
n,70
j,70
d,70
a,71
f,72
a,73
k,73
l,73
g,73
s,73
e,73
n,73
j,73
d,73
f,74
k,74
p,74
h,74
s,74
e,74
n,74
j,74
d,74
a,75
r,75
l,75
m,75
t,75
q,75
e,75
n,75
j,75
d,75
f,76
o,76
p,76
h,76
m,76
q,76
t,76
e,76
n,76
j,76
d,76
a,77
i,77
o,77
l,77
m,77
q,77
t,77
e,77
n,77
j,77
d,77
a,78
b,78
r,78
i,78
h,78
m,78
q,78
t,78
e,78
n,78
j,78
d,78
f,79
g,79
p,79
s,79
l,79
k,79
e,79
n,79
j,79
d,79
a,80
f,81
g,81
c,81
l,81
o,81
m,81
t,81
q,81
e,81
n,81
j,81
d,81
f,82
o,82
m,82
h,82
i,82
t,82
e,82
n,82
j,82
d,82
f,83
o,83
h,83
i,83
m,83
g,83
q,83
e,83
n,83
j,83
d,83
f,84
h,84
s,84
i,84
g,84
c,84
k,84
e,84
n,84
j,84
d,84
f,85
k,85
h,85
i,85
s,85
e,85
n,85
j,85
d,85
f,86
i,86
k,86
c,86
s,86
l,86
g,86
e,86
n,86
j,86
d,86
f,87
p,87
l,87
e,87
n,87
j,87
d,87
f,88
h,88
i,88
s,88
k,88
g,88
e,88
n,88
j,88
d,88
f,89
l,89
c,89
g,89
i,89
e,89
n,89
j,89
d,89
f,90
c,90
l,90
o,90
g,90
m,90
q,90
e,90
n,90
j,90
d,90
a,91
k,91
h,91
p,91
s,91
e,91
n,91
j,91
d,91
f,92
s,92
h,92
i,92
k,92
e,92
n,92
j,92
d,92
a,93
g,93
h,93
c,93
o,93
m,93
t,93
q,93
e,93
n,93
j,93
d,93
f,94
i,94
b,94
l,94
m,94
t,94
q,94
e,94
n,94
j,94
d,94
a,95
g,95
h,95
k,95
s,95
e,95
n,95
j,95
d,95
f,96
l,96
o,96
g,96
m,96
q,96
t,96
e,96
n,96
j,96
d,96
a,97
i,97
k,97
s,97
l,97
e,97
n,97
j,97
d,97
f,98
p,98
g,98
l,98
e,98
n,98
j,98
d,98
f,99
g,99
p,99
o,99
h,99
m,99
t,99
e,99
n,99
j,99
d,99
a,100
p,100
s,100
g,100
k,100
l,100
e,100
n,100
j,100
d,100
a,101
h,101
p,101
g,101
c,101
e,101
n,101
j,101
d,101
a,102
g,102
c,102
l,102
i,102
b,102
m,102
q,102
e,102
n,102
j,102
d,102
a,103
b,103
h,103
m,103
t,103
e,103
n,103
j,103
d,103
a,104
h,104
r,104
m,104
i,104
q,104
t,104
e,104
n,104
j,104
d,104
a,105
f,106
o,106
h,106
m,106
g,106
q,106
t,106
e,106
n,106
j,106
d,106
f,107
s,107
k,107
l,107
e,107
g,107
n,107
j,107
d,107
a,108
l,108
b,108
m,108
q,108
t,108
e,108
n,108
j,108
d,108
a,109
a,110
s,110
g,110
i,110
l,110
c,110
k,110
e,110
n,110
j,110
d,110
a,111
a,112
h,112
o,112
g,112
m,112
t,112
q,112
e,112
n,112
j,112
d,112
a,113
a,114
p,114
k,114
s,114
h,114
e,114
n,114
j,114
d,114
f,115
r,115
l,115
m,115
q,115
t,115
e,115
n,115
j,115
d,115
f,116
i,116
r,116
l,116
b,116
m,116
t,116
q,116
e,116
n,116
j,116
d,116
a,117
g,117
c,117
h,117
b,117
p,117
m,117
t,117
e,117
n,117
j,117
d,117
a,118
b,118
h,118
i,118
c,118
r,118
g,118
m,118
t,118
q,118
e,118
n,118
j,118
d,118
a,119
s,119
k,119
l,119
p,119
e,119
n,119
j,119
d,119
a,120
l,120
p,120
g,120
e,120
n,120
j,120
d,120
f,121
p,121
l,121
b,121
m,121
t,121
q,121
e,121
n,121
j,121
d,121
a,122
k,122
s,122
l,122
p,122
e,122
n,122
j,122
d,122
a,123
o,123
h,123
m,123
t,123
e,123
n,123
j,123
d,123
a,124
a,125
g,125
o,125
l,125
m,125
t,125
q,125
e,125
n,125
j,125
d,125
a,126
l,126
r,126
m,126
i,126
t,126
e,126
n,126
j,126
d,126
f,127
i,127
g,127
l,127
e,127
n,127
j,127
d,127
a,128
a,129
l,129
p,129
e,129
n,129
j,129
d,129
a,130
l,130
b,130
r,130
i,130
m,130
t,130
q,130
e,130
n,130
j,130
d,130
a,131
f,132
p,132
l,132
g,132
e,132
n,132
j,132
d,132
a,133
r,133
b,133
i,133
l,133
m,133
t,133
q,133
e,133
n,133
j,133
d,133
a,134
s,134
g,134
h,134
k,134
e,134
n,134
j,134
d,134
f,135
p,135
l,135
o,135
m,135
q,135
e,135
n,135
j,135
d,135
f,136
f,137
l,137
r,137
m,137
p,137
t,137
q,137
e,137
n,137
j,137
d,137
a,138
h,138
k,138
p,138
s,138
e,138
n,138
j,138
d,138
f,139
h,139
i,139
o,139
m,139
q,139
e,139
n,139
j,139
d,139
a,140
o,140
p,140
m,140
g,140
l,140
t,140
e,140
n,140
j,140
d,140
a,141
h,141
k,141
s,141
i,141
e,141
n,141
j,141
d,141
f,142
c,142
l,142
i,142
g,142
e,142
n,142
j,142
d,142
a,143
p,143
k,143
l,143
s,143
e,143
n,143
j,143
d,143
f,144
i,144
k,144
s,144
h,144
e,144
n,144
j,144
d,144
a,145
o,145
i,145
l,145
m,145
q,145
e,145
n,145
j,145
d,145
f,146
s,146
h,146
k,146
i,146
e,146
n,146
j,146
d,146
f,147
r,147
l,147
p,147
b,147
m,147
q,147
t,147
e,147
n,147
j,147
d,147
a,148
c,148
i,148
h,148
e,148
g,148
n,148
j,148
d,148
f,149
h,149
b,149
g,149
m,149
t,149
e,149
n,149
j,149
d,149
f,150
p,150
s,150
k,150
h,150
e,150
n,150
j,150
d,150
f,151
h,151
o,151
p,151
g,151
m,151
t,151
q,151
e,151
n,151
j,151
d,151
f,152
a,153
s,153
p,153
g,153
l,153
k,153
e,153
n,153
j,153
d,153
a,154
i,154
k,154
h,154
s,154
e,154
n,154
j,154
d,154
f,155
b,155
l,155
m,155
q,155
e,155
n,155
j,155
d,155
f,156
g,156
l,156
p,156
e,156
n,156
j,156
d,156
f,157
h,157
s,157
p,157
k,157
g,157
e,157
n,157
j,157
d,157
a,158
o,158
m,158
l,158
q,158
g,158
t,158
e,158
n,158
j,158
d,158
f,159
r,159
l,159
i,159
b,159
m,159
q,159
e,159
n,159
j,159
d,159
f,160
l,160
p,160
e,160
n,160
j,160
d,160
f,161
b,161
c,161
m,161
g,161
q,161
p,161
h,161
e,161
n,161
j,161
d,161
a,162
s,162
k,162
l,162
g,162
c,162
e,162
n,162
j,162
d,162
f,163
l,163
g,163
o,163
m,163
q,163
t,163
e,163
n,163
j,163
d,163
f,164
g,164
c,164
s,164
h,164
k,164
e,164
n,164
j,164
d,164
f,165
g,165
s,165
l,165
k,165
e,165
n,165
j,165
d,165
a,166
f,167
s,167
p,167
k,167
h,167
e,167
n,167
j,167
d,167
a,168
i,168
b,168
r,168
h,168
m,168
q,168
t,168
e,168
n,168
j,168
d,168
a,169
k,169
i,169
g,169
c,169
h,169
s,169
e,169
n,169
j,169
d,169
f,170
g,170
k,170
h,170
s,170
e,170
n,170
j,170
d,170
a,171
l,171
c,171
g,171
o,171
m,171
t,171
e,171
n,171
j,171
d,171
a,172
p,172
b,172
c,172
h,172
g,172
m,172
t,172
q,172
e,172
n,172
j,172
d,172
a,173
a,174
c,174
s,174
l,174
i,174
k,174
g,174
e,174
n,174
j,174
d,174
f,175
a,176
h,176
i,176
e,176
n,176
g,176
j,176
d,176
a,177
o,177
h,177
m,177
q,177
t,177
e,177
n,177
j,177
d,177
f,178
p,178
k,178
s,178
h,178
e,178
n,178
j,178
d,178
f,179
p,179
h,179
e,179
n,179
j,179
d,179
f,180
h,180
i,180
k,180
s,180
e,180
n,180
j,180
d,180
a,181
g,181
k,181
i,181
c,181
s,181
l,181
e,181
n,181
j,181
d,181
a,182
o,182
h,182
m,182
p,182
t,182
q,182
e,182
n,182
j,182
d,182
a,183
l,183
i,183
b,183
m,183
t,183
q,183
e,183
n,183
j,183
d,183
f,184
l,184
g,184
o,184
i,184
m,184
q,184
t,184
e,184
n,184
j,184
d,184
f,185
l,185
k,185
c,185
p,185
s,185
g,185
e,185
n,185
j,185
d,185
a,186
r,186
g,186
h,186
p,186
m,186
t,186
e,186
n,186
j,186
d,186
a,187
i,187
g,187
c,187
h,187
e,187
n,187
j,187
d,187
f,188
s,188
c,188
k,188
h,188
g,188
e,188
n,188
j,188
d,188
a,189
b,189
l,189
r,189
m,189
q,189
e,189
n,189
j,189
d,189
f,190
p,190
k,190
h,190
s,190
e,190
n,190
j,190
d,190
a,191
l,191
i,191
r,191
b,191
m,191
q,191
t,191
e,191
n,191
j,191
d,191
f,192
o,192
l,192
m,192
t,192
q,192
e,192
n,192
j,192
d,192
a,193
h,193
i,193
o,193
m,193
t,193
q,193
e,193
n,193
j,193
d,193
a,194
o,194
i,194
h,194
m,194
t,194
q,194
e,194
n,194
j,194
d,194
a,195
l,195
k,195
i,195
s,195
e,195
n,195
j,195
d,195
f,196
s,196
k,196
i,196
h,196
e,196
n,196
j,196
d,196
a,197
g,197
h,197
s,197
i,197
c,197
k,197
e,197
n,197
j,197
d,197
f,198
p,198
b,198
h,198
r,198
m,198
t,198
q,198
e,198
n,198
j,198
d,198
a,199
s,199
g,199
c,199
h,199
p,199
k,199
e,199
n,199
j,199
d,199
f,200
h,200
r,200
i,200
m,200
q,200
t,200
e,200
n,200
j,200
d,200
f,201
i,201
g,201
h,201
e,201
n,201
j,201
d,201
a,202
f,203
g,203
l,203
c,203
i,203
s,203
k,203
e,203
n,203
j,203
d,203
f,204
f,205
h,205
p,205
o,205
m,205
q,205
e,205
n,205
j,205
d,205
a,206
h,206
b,206
r,206
m,206
t,206
e,206
n,206
j,206
d,206
f,207
p,207
h,207
r,207
m,207
q,207
e,207
n,207
j,207
d,207
f,208
a,209
l,209
i,209
e,209
n,209
j,209
d,209
a,210
k,210
p,210
s,210
l,210
e,210
n,210
j,210
d,210
a,211
g,211
k,211
c,211
i,211
s,211
l,211
e,211
n,211
j,211
d,211
a,212
l,212
r,212
b,212
m,212
q,212
t,212
e,212
n,212
j,212
d,212
f,213
l,213
i,213
o,213
m,213
t,213
q,213
e,213
n,213
j,213
d,213
a,214
a,215
p,215
l,215
k,215
s,215
e,215
n,215
j,215
d,215
a,216
p,216
s,216
g,216
c,216
k,216
h,216
e,216
n,216
j,216
d,216
f,217
p,217
k,217
s,217
l,217
e,217
n,217
j,217
d,217
a,218
g,218
c,218
p,218
o,218
l,218
m,218
q,218
e,218
n,218
j,218
d,218
a,219
l,219
s,219
g,219
k,219
e,219
n,219
j,219
d,219
a,220
h,220
p,220
r,220
g,220
m,220
t,220
q,220
e,220
n,220
j,220
d,220
a,221
r,221
g,221
m,221
l,221
p,221
q,221
t,221
e,221
n,221
j,221
d,221
f,222
f,223
r,223
l,223
m,223
q,223
e,223
n,223
j,223
d,223
f,224
b,224
r,224
l,224
m,224
q,224
t,224
e,224
n,224
j,224
d,224
a,225
f,226
h,226
r,226
b,226
m,226
t,226
e,226
n,226
j,226
d,226
a,227
o,227
i,227
l,227
m,227
t,227
e,227
n,227
j,227
d,227
f,228
l,228
i,228
s,228
k,228
e,228
n,228
j,228
d,228
a,229
a,230
s,230
p,230
l,230
g,230
k,230
e,230
n,230
j,230
d,230
a,231
g,231
i,231
c,231
o,231
l,231
m,231
t,231
q,231
e,231
n,231
j,231
d,231
f,232
r,232
g,232
p,232
b,232
h,232
m,232
t,232
q,232
e,232
n,232
j,232
d,232
f,233
k,233
h,233
s,233
i,233
e,233
n,233
j,233
d,233
f,234
f,235
g,235
s,235
k,235
h,235
p,235
e,235
n,235
j,235
d,235
a,236
h,236
o,236
c,236
m,236
q,236
g,236
e,236
n,236
j,236
d,236
a,237
h,237
b,237
p,237
r,237
m,237
q,237
e,237
n,237
j,237
d,237
f,238
c,238
p,238
g,238
l,238
e,238
n,238
j,238
d,238
f,239
h,239
g,239
p,239
s,239
k,239
e,239
n,239
j,239
d,239
a,240
a,241
i,241
s,241
h,241
g,241
c,241
k,241
e,241
n,241
j,241
d,241
a,242
f,243
l,243
g,243
c,243
r,243
m,243
t,243
q,243
e,243
n,243
j,243
d,243
a,244
a,245
k,245
s,245
h,245
e,245
n,245
j,245
d,245
a,246
c,246
i,246
l,246
s,246
k,246
g,246
e,246
n,246
j,246
d,246
a,247
l,247
p,247
o,247
m,247
q,247
e,247
n,247
j,247
d,247
f,248
k,248
s,248
i,248
h,248
e,248
n,248
j,248
d,248
f,249
a,250
b,250
h,250
r,250
m,250
q,250
t,250
e,250
n,250
j,250
d,250
a,251
b,251
i,251
l,251
m,251
q,251
e,251
n,251
j,251
d,251
f,252
o,252
h,252
g,252
c,252
m,252
q,252
t,252
e,252
n,252
j,252
d,252
f,253
g,253
l,253
k,253
p,253
s,253
e,253
n,253
j,253
d,253
a,254
i,254
r,254
b,254
l,254
m,254
t,254
e,254
n,254
j,254
d,254
a,255
g,255
p,255
k,255
c,255
s,255
l,255
e,255
n,255
j,255
d,255
a,256
s,256
p,256
h,256
k,256
e,256
n,256
j,256
d,256
f,257
l,257
g,257
c,257
o,257
m,257
t,257
q,257
e,257
n,257
j,257
d,257
f,258
k,258
s,258
l,258
e,258
n,258
j,258
d,258
a,259
i,259
g,259
h,259
c,259
e,259
n,259
j,259
d,259
a,260
s,260
l,260
i,260
k,260
e,260
n,260
j,260
d,260
f,261
b,261
r,261
g,261
m,261
l,261
p,261
q,261
e,261
n,261
j,261
d,261
a,262
l,262
o,262
m,262
q,262
t,262
e,262
n,262
j,262
d,262
f,263
h,263
s,263
k,263
p,263
e,263
n,263
j,263
d,263
f,264
a,265
p,265
l,265
b,265
m,265
q,265
t,265
e,265
n,265
j,265
d,265
f,266
h,266
b,266
i,266
r,266
m,266
t,266
q,266
e,266
n,266
j,266
d,266
a,267
h,267
g,267
c,267
i,267
e,267
n,267
j,267
d,267
f,268
l,268
p,268
r,268
b,268
m,268
t,268
e,268
n,268
j,268
d,268
a,269
f,270
g,270
o,270
l,270
c,270
m,270
q,270
t,270
e,270
n,270
j,270
d,270
a,271
h,271
o,271
g,271
c,271
m,271
t,271
q,271
e,271
n,271
j,271
d,271
a,272
i,272
o,272
l,272
m,272
q,272
e,272
n,272
j,272
d,272
f,273
f,274
l,274
p,274
c,274
g,274
o,274
m,274
q,274
e,274
n,274
j,274
d,274
a,275
g,275
s,275
l,275
i,275
k,275
e,275
n,275
j,275
d,275
a,276
o,276
l,276
i,276
m,276
t,276
q,276
g,276
e,276
n,276
j,276
d,276
a,277
l,277
c,277
g,277
p,277
e,277
n,277
j,277
d,277
a,278
b,278
g,278
r,278
p,278
h,278
c,278
m,278
q,278
t,278
e,278
n,278
j,278
d,278
f,279
g,279
s,279
k,279
l,279
e,279
n,279
j,279
d,279
a,280
l,280
c,280
o,280
g,280
p,280
m,280
q,280
e,280
n,280
j,280
d,280
a,281
s,281
k,281
h,281
e,281
n,281
j,281
d,281
a,282
g,282
o,282
h,282
m,282
t,282
q,282
e,282
n,282
j,282
d,282
a,283
l,283
i,283
e,283
g,283
c,283
n,283
j,283
d,283
f,284
l,284
p,284
k,284
s,284
e,284
n,284
j,284
d,284
a,285
p,285
b,285
m,285
h,285
q,285
t,285
e,285
n,285
j,285
d,285
a,286
h,286
g,286
i,286
c,286
e,286
n,286
j,286
d,286
a,287
g,287
c,287
p,287
h,287
e,287
n,287
j,287
d,287
f,288
s,288
l,288
k,288
p,288
e,288
n,288
j,288
d,288
a,289
g,289
b,289
c,289
l,289
m,289
t,289
e,289
n,289
j,289
d,289
a,290
g,290
i,290
h,290
e,290
n,290
j,290
d,290
a,291
k,291
g,291
s,291
l,291
c,291
i,291
e,291
n,291
j,291
d,291
f,292
f,293
l,293
r,293
m,293
t,293
e,293
n,293
j,293
d,293
a,294
g,294
h,294
k,294
s,294
i,294
e,294
n,294
j,294
d,294
f,295
s,295
l,295
g,295
k,295
e,295
n,295
j,295
d,295
a,296
k,296
h,296
c,296
i,296
g,296
s,296
e,296
n,296
j,296
d,296
f,297
k,297
p,297
s,297
h,297
e,297
n,297
j,297
d,297
f,298
h,298
b,298
m,298
q,298
t,298
e,298
n,298
j,298
d,298
f,299
f,300
h,300
p,300
g,300
s,300
c,300
k,300
e,300
n,300
j,300
d,300
f,301
s,301
g,301
k,301
c,301
l,301
e,301
n,301
j,301
d,301
a,302
l,302
o,302
m,302
t,302
q,302
e,302
n,302
j,302
d,302
f,303
i,303
k,303
g,303
h,303
c,303
s,303
e,303
n,303
j,303
d,303
f,304
f,305
l,305
b,305
r,305
m,305
t,305
e,305
n,305
j,305
d,305
a,306
s,306
k,306
l,306
i,306
e,306
n,306
j,306
d,306
a,307
l,307
o,307
m,307
q,307
e,307
n,307
j,307
d,307
f,308
l,308
c,308
p,308
g,308
e,308
n,308
j,308
d,308
f,309
l,309
g,309
k,309
s,309
e,309
n,309
j,309
d,309
f,310
g,310
f,311
s,311
l,311
k,311
i,311
e,311
n,311
j,311
d,311
a,312
l,312
r,312
c,312
p,312
g,312
b,312
m,312
t,312
e,312
n,312
j,312
d,312
f,313
h,313
p,313
g,313
c,313
e,313
n,313
j,313
d,313
a,314
a,315
p,315
g,315
l,315
s,315
k,315
e,315
n,315
j,315
d,315
a,316
o,316
m,316
q,316
t,316
l,316
e,316
n,316
j,316
d,316
a,317
c,317
o,317
l,317
g,317
p,317
m,317
q,317
e,317
n,317
j,317
d,317
a,318
r,318
b,318
p,318
m,318
q,318
l,318
t,318
e,318
n,318
j,318
d,318
f,319
b,319
i,319
g,319
r,319
h,319
m,319
q,319
t,319
e,319
n,319
j,319
d,319
a,320
p,320
o,320
l,320
m,320
q,320
e,320
n,320
j,320
d,320
a,321
h,321
p,321
o,321
g,321
m,321
q,321
t,321
e,321
n,321
j,321
d,321
f,322
i,322
k,322
g,322
l,322
c,322
s,322
e,322
n,322
j,322
d,322
a,323
h,323
o,323
m,323
t,323
e,323
n,323
j,323
d,323
a,324
l,324
i,324
b,324
m,324
t,324
e,324
n,324
j,324
d,324
f,325
f,326
i,326
k,326
h,326
s,326
c,326
g,326
e,326
n,326
j,326
d,326
a,327
f,328
l,328
o,328
m,328
t,328
e,328
n,328
j,328
d,328
f,329
s,329
k,329
l,329
i,329
e,329
n,329
j,329
d,329
a,330
o,330
l,330
i,330
m,330
q,330
t,330
e,330
n,330
j,330
d,330
a,331
l,331
g,331
c,331
o,331
m,331
i,331
q,331
e,331
n,331
j,331
d,331
f,332
r,332
h,332
g,332
b,332
m,332
t,332
e,332
n,332
j,332
d,332
f,333
p,333
c,333
g,333
h,333
e,333
n,333
j,333
d,333
f,334
a,335
l,335
k,335
s,335
p,335
e,335
n,335
j,335
d,335
a,336
g,336
l,336
k,336
s,336
e,336
n,336
j,336
d,336
a,337
p,337
o,337
g,337
c,337
h,337
m,337
t,337
e,337
n,337
j,337
d,337
f,338
o,338
g,338
m,338
h,338
q,338
t,338
e,338
n,338
j,338
d,338
f,339
h,339
p,339
s,339
k,339
e,339
n,339
j,339
d,339
f,340
r,340
i,340
g,340
c,340
h,340
b,340
m,340
t,340
q,340
e,340
n,340
j,340
d,340
f,341
b,341
m,341
i,341
l,341
t,341
e,341
n,341
j,341
d,341
f,342
f,343
c,343
o,343
g,343
h,343
i,343
m,343
t,343
e,343
n,343
j,343
d,343
a,344
i,344
k,344
s,344
h,344
g,344
e,344
n,344
j,344
d,344
a,345
h,345
r,345
p,345
g,345
b,345
m,345
q,345
e,345
n,345
j,345
d,345
a,346
r,346
m,346
h,346
q,346
t,346
e,346
n,346
j,346
d,346
f,347
h,347
p,347
r,347
g,347
b,347
m,347
q,347
t,347
e,347
n,347
j,347
d,347
a,348
g,348
i,348
s,348
l,348
k,348
e,348
n,348
j,348
d,348
f,349
g,349
p,349
h,349
c,349
e,349
n,349
j,349
d,349
f,350
l,350
k,350
s,350
p,350
g,350
e,350
n,350
j,350
d,350
a,351
p,351
g,351
c,351
s,351
k,351
h,351
e,351
n,351
j,351
d,351
a,352
h,352
i,352
r,352
m,352
q,352
e,352
n,352
j,352
d,352
a,353
r,353
b,353
g,353
p,353
l,353
m,353
t,353
q,353
e,353
n,353
j,353
d,353
f,354
p,354
o,354
h,354
m,354
q,354
e,354
n,354
j,354
d,354
f,355
o,355
h,355
m,355
t,355
q,355
e,355
n,355
j,355
d,355
a,356
l,356
c,356
b,356
g,356
r,356
m,356
t,356
q,356
e,356
n,356
j,356
d,356
f,357
g,357
l,357
k,357
s,357
e,357
n,357
j,357
d,357
f,358
s,358
h,358
k,358
p,358
e,358
n,358
j,358
d,358
a,359
r,359
c,359
m,359
p,359
q,359
g,359
l,359
t,359
e,359
n,359
j,359
d,359
f,360
k,360
s,360
h,360
g,360
p,360
e,360
n,360
j,360
d,360
a,361
g,361
l,361
c,361
s,361
p,361
k,361
e,361
n,361
j,361
d,361
a,362
c,362
l,362
p,362
g,362
o,362
m,362
t,362
e,362
n,362
j,362
d,362
a,363
g,363
i,363
c,363
b,363
h,363
m,363
q,363
t,363
e,363
n,363
j,363
d,363
a,364
h,364
o,364
p,364
m,364
q,364
e,364
n,364
j,364
d,364
a,365
g,365
i,365
k,365
h,365
s,365
e,365
n,365
j,365
d,365
f,366
s,366
h,366
k,366
g,366
c,366
e,366
n,366
j,366
d,366
a,367
h,367
b,367
r,367
m,367
t,367
q,367
e,367
n,367
j,367
d,367
f,368
c,368
i,368
h,368
g,368
e,368
n,368
j,368
d,368
a,369
h,369
i,369
g,369
c,369
e,369
n,369
j,369
d,369
f,370
h,370
p,370
g,370
c,370
s,370
k,370
e,370
n,370
j,370
d,370
a,371
h,371
i,371
r,371
m,371
t,371
e,371
n,371
j,371
d,371
a,372
s,372
l,372
c,372
k,372
g,372
p,372
e,372
n,372
j,372
d,372
f,373
g,373
h,373
s,373
c,373
i,373
k,373
e,373
n,373
j,373
d,373
f,374
a,375
k,375
l,375
i,375
s,375
e,375
n,375
j,375
d,375
a,376
r,376
l,376
b,376
g,376
m,376
t,376
q,376
e,376
n,376
j,376
d,376
f,377
c,377
p,377
h,377
g,377
s,377
k,377
e,377
n,377
j,377
d,377
f,378
i,378
g,378
s,378
h,378
k,378
e,378
n,378
j,378
d,378
a,379
c,379
b,379
h,379
g,379
p,379
r,379
m,379
t,379
e,379
n,379
j,379
d,379
a,380
l,380
p,380
g,380
c,380
e,380
n,380
j,380
d,380
a,381
i,381
g,381
c,381
l,381
e,381
n,381
j,381
d,381
f,382
h,382
g,382
o,382
c,382
m,382
t,382
q,382
e,382
n,382
j,382
d,382
f,383
k,383
h,383
i,383
c,383
g,383
s,383
e,383
n,383
j,383
d,383
a,384
s,384
i,384
l,384
k,384
e,384
n,384
j,384
d,384
f,385
i,385
b,385
l,385
m,385
t,385
e,385
n,385
j,385
d,385
f,386
s,386
l,386
g,386
c,386
k,386
e,386
n,386
j,386
d,386
a,387
i,387
l,387
g,387
o,387
m,387
c,387
t,387
q,387
e,387
n,387
j,387
d,387
f,388
p,388
r,388
m,388
l,388
q,388
e,388
n,388
j,388
d,388
f,389
k,389
l,389
s,389
e,389
n,389
j,389
d,389
a,390
h,390
b,390
g,390
r,390
p,390
m,390
t,390
q,390
e,390
n,390
j,390
d,390
f,391
g,391
k,391
s,391
i,391
h,391
e,391
n,391
j,391
d,391
f,392
p,392
k,392
g,392
l,392
s,392
e,392
n,392
j,392
d,392
f,393
s,393
k,393
h,393
g,393
e,393
n,393
j,393
d,393
a,394
a,395
l,395
g,395
r,395
m,395
q,395
e,395
n,395
j,395
d,395
a,396
k,396
h,396
i,396
s,396
e,396
n,396
j,396
d,396
a,397
h,397
o,397
m,397
q,397
e,397
n,397
j,397
d,397
a,398
r,398
b,398
m,398
q,398
l,398
t,398
e,398
n,398
j,398
d,398
f,399
a,400
i,400
h,400
b,400
r,400
m,400
t,400
e,400
n,400
j,400
d,400
f,401
c,401
l,401
s,401
g,401
i,401
k,401
e,401
n,401
j,401
d,401
f,402
l,402
s,402
p,402
k,402
e,402
n,402
j,402
d,402
a,403
a,404
s,404
h,404
i,404
k,404
e,404
n,404
j,404
d,404
f,405
i,405
l,405
o,405
m,405
t,405
q,405
e,405
n,405
j,405
d,405
a,406
h,406
p,406
e,406
n,406
j,406
d,406
a,407
g,407
l,407
o,407
m,407
t,407
e,407
n,407
j,407
d,407
f,408
b,408
h,408
p,408
r,408
m,408
q,408
t,408
e,408
n,408
j,408
d,408
a,409
i,409
h,409
k,409
s,409
e,409
n,409
j,409
d,409
a,410
h,410
k,410
i,410
s,410
e,410
n,410
j,410
d,410
a,411
p,411
r,411
h,411
m,411
q,411
e,411
n,411
j,411
d,411
f,412
l,412
i,412
g,412
c,412
e,412
n,412
j,412
d,412
f,413
s,413
l,413
i,413
k,413
e,413
n,413
j,413
d,413
a,414
h,414
b,414
m,414
q,414
e,414
n,414
j,414
d,414
f,415
h,415
i,415
s,415
g,415
k,415
c,415
e,415
n,415
j,415
d,415
a,416
c,416
g,416
h,416
p,416
r,416
m,416
t,416
e,416
n,416
j,416
d,416
a,417
i,417
h,417
c,417
g,417
e,417
n,417
j,417
d,417
f,418
i,418
k,418
h,418
g,418
s,418
e,418
n,418
j,418
d,418
f,419
s,419
k,419
h,419
e,419
n,419
j,419
d,419
a,420
g,420
h,420
c,420
p,420
e,420
n,420
j,420
d,420
f,421
p,421
g,421
l,421
c,421
e,421
n,421
j,421
d,421
a,422
g,422
l,422
i,422
e,422
n,422
j,422
d,422
a,423
b,423
h,423
i,423
m,423
q,423
t,423
e,423
n,423
j,423
d,423
f,424
i,424
g,424
l,424
c,424
e,424
n,424
j,424
d,424
f,425
h,425
r,425
b,425
g,425
m,425
q,425
t,425
e,425
n,425
j,425
d,425
f,426
l,426
p,426
s,426
k,426
e,426
n,426
j,426
d,426
a,427
c,427
h,427
g,427
p,427
e,427
n,427
j,427
d,427
f,428
i,428
k,428
s,428
g,428
h,428
e,428
n,428
j,428
d,428
a,429
l,429
k,429
s,429
i,429
g,429
e,429
n,429
j,429
d,429
a,430
b,430
g,430
h,430
r,430
m,430
q,430
e,430
n,430
j,430
d,430
a,431
i,431
s,431
c,431
g,431
k,431
h,431
e,431
n,431
j,431
d,431
a,432
a,433
s,433
i,433
k,433
h,433
e,433
n,433
j,433
d,433
f,434
g,434
r,434
b,434
p,434
m,434
l,434
t,434
e,434
n,434
j,434
d,434
f,435
h,435
o,435
i,435
m,435
t,435
q,435
e,435
n,435
j,435
d,435
f,436
f,437
a,438
l,438
r,438
p,438
m,438
t,438
q,438
e,438
n,438
j,438
d,438
f,439
i,439
o,439
g,439
h,439
m,439
t,439
e,439
n,439
j,439
d,439
a,440
l,440
r,440
p,440
b,440
m,440
q,440
e,440
n,440
j,440
d,440
a,441
l,441
i,441
o,441
m,441
t,441
e,441
n,441
j,441
d,441
a,442
h,442
s,442
k,442
p,442
g,442
e,442
n,442
j,442
d,442
f,443
c,443
g,443
h,443
o,443
m,443
t,443
q,443
e,443
n,443
j,443
d,443
a,444
s,444
l,444
k,444
i,444
e,444
n,444
j,444
d,444
a,445
g,445
k,445
s,445
c,445
h,445
e,445
n,445
j,445
d,445
f,446
c,446
r,446
g,446
p,446
b,446
l,446
m,446
q,446
e,446
n,446
j,446
d,446
a,447
s,447
k,447
c,447
g,447
l,447
p,447
e,447
n,447
j,447
d,447
f,448
i,448
h,448
o,448
m,448
q,448
t,448
e,448
n,448
j,448
d,448
a,449
i,449
k,449
l,449
s,449
e,449
n,449
j,449
d,449
f,450
p,450
b,450
h,450
m,450
q,450
t,450
e,450
n,450
j,450
d,450
f,451
h,451
r,451
b,451
i,451
m,451
t,451
q,451
e,451
n,451
j,451
d,451
f,452
l,452
k,452
p,452
s,452
e,452
n,452
j,452
d,452
a,453
g,453
i,453
s,453
k,453
h,453
e,453
n,453
j,453
d,453
f,454
l,454
r,454
m,454
q,454
t,454
e,454
n,454
j,454
d,454
f,455
h,455
c,455
p,455
b,455
g,455
m,455
t,455
e,455
n,455
j,455
d,455
f,456
r,456
l,456
m,456
t,456
q,456
e,456
n,456
j,456
d,456
f,457
l,457
k,457
s,457
p,457
e,457
n,457
j,457
d,457
a,458
r,458
p,458
l,458
m,458
q,458
t,458
e,458
n,458
j,458
d,458
f,459
p,459
r,459
h,459
m,459
q,459
t,459
e,459
n,459
j,459
d,459
a,460
b,460
l,460
p,460
r,460
g,460
m,460
t,460
e,460
n,460
j,460
d,460
a,461
b,461
h,461
p,461
r,461
m,461
t,461
q,461
e,461
n,461
j,461
d,461
f,462
c,462
h,462
b,462
p,462
m,462
t,462
g,462
q,462
e,462
n,462
j,462
d,462
a,463
h,463
o,463
g,463
m,463
t,463
e,463
n,463
j,463
d,463
a,464
l,464
i,464
g,464
c,464
e,464
n,464
j,464
d,464
f,465
h,465
i,465
e,465
n,465
j,465
d,465
f,466
h,466
o,466
g,466
m,466
q,466
e,466
n,466
j,466
d,466
f,467
c,467
g,467
h,467
i,467
e,467
n,467
j,467
d,467
f,468
l,468
s,468
i,468
k,468
e,468
n,468
j,468
d,468
f,469
h,469
s,469
k,469
i,469
e,469
n,469
j,469
d,469
f,470
b,470
i,470
m,470
h,470
q,470
t,470
e,470
n,470
j,470
d,470
f,471
h,471
g,471
c,471
p,471
b,471
m,471
q,471
e,471
n,471
j,471
d,471
f,472
g,472
i,472
s,472
c,472
k,472
h,472
e,472
n,472
j,472
d,472
f,473
o,473
l,473
m,473
q,473
e,473
n,473
j,473
d,473
a,474
h,474
s,474
g,474
c,474
p,474
k,474
e,474
n,474
j,474
d,474
a,475
k,475
s,475
h,475
i,475
e,475
n,475
j,475
d,475
a,476
g,476
l,476
c,476
p,476
e,476
n,476
j,476
d,476
f,477
s,477
g,477
h,477
k,477
e,477
n,477
j,477
d,477
f,478
b,478
m,478
h,478
p,478
t,478
e,478
n,478
j,478
d,478
f,479
h,479
b,479
m,479
t,479
q,479
e,479
n,479
j,479
d,479
a,480
k,480
h,480
s,480
i,480
e,480
n,480
j,480
d,480
a,481
h,481
c,481
s,481
g,481
k,481
e,481
n,481
j,481
d,481
f,482
p,482
s,482
h,482
k,482
e,482
n,482
j,482
d,482
a,483
h,483
r,483
m,483
t,483
q,483
e,483
n,483
j,483
d,483
f,484
p,484
h,484
o,484
m,484
t,484
e,484
n,484
j,484
d,484
f,485
k,485
l,485
s,485
g,485
c,485
p,485
e,485
n,485
j,485
d,485
a,486
a,487
o,487
p,487
l,487
m,487
t,487
q,487
e,487
n,487
j,487
d,487
f,488
a,489
h,489
g,489
k,489
s,489
e,489
n,489
j,489
d,489
f,490
g,490
i,490
h,490
e,490
n,490
j,490
d,490
f,491
c,491
g,491
f,492
r,492
g,492
i,492
m,492
h,492
c,492
q,492
e,492
n,492
j,492
d,492
a,493
h,493
b,493
r,493
p,493
m,493
t,493
e,493
n,493
j,493
d,493
f,494
p,494
o,494
m,494
l,494
q,494
e,494
n,494
j,494
d,494
a,495
g,495
l,495
p,495
k,495
s,495
e,495
n,495
j,495
d,495
a,496
f,497
g,497
p,497
l,497
c,497
k,497
s,497
e,497
n,497
j,497
d,497
f,498
o,498
p,498
m,498
q,498
h,498
e,498
n,498
j,498
d,498
f,499
l,499
k,499
g,499
s,499
c,499
e,499
n,499
j,499
d,499
a,500
i,500
s,500
k,500
g,500
h,500
e,500
n,500
j,500
d,500
f,501
i,501
o,501
l,501
m,501
t,501
e,501
n,501
j,501
d,501
a,502
h,502
p,502
k,502
s,502
e,502
n,502
j,502
d,502
a,503
h,503
b,503
c,503
r,503
g,503
m,503
q,503
e,503
n,503
j,503
d,503
f,504
g,504
i,504
l,504
e,504
n,504
j,504
d,504
a,505
r,505
l,505
b,505
m,505
t,505
e,505
n,505
j,505
d,505
f,506
c,506
l,506
p,506
e,506
g,506
n,506
j,506
d,506
a,507
i,507
l,507
o,507
m,507
t,507
e,507
n,507
j,507
d,507
a,508
g,508
s,508
h,508
p,508
k,508
e,508
n,508
j,508
d,508
a,509
h,509
r,509
m,509
q,509
e,509
n,509
j,509
d,509
f,510
h,510
o,510
p,510
m,510
q,510
t,510
e,510
n,510
j,510
d,510
f,511
h,511
k,511
s,511
e,511
n,511
j,511
d,511
f,512
g,512
p,512
l,512
c,512
e,512
n,512
j,512
d,512
a,513
l,513
r,513
m,513
q,513
t,513
e,513
n,513
j,513
d,513
a,514
s,514
k,514
h,514
i,514
e,514
n,514
j,514
d,514
f,515
k,515
s,515
p,515
h,515
e,515
n,515
j,515
d,515
a,516
r,516
l,516
p,516
b,516
m,516
q,516
e,516
n,516
j,516
d,516
a,517
b,517
h,517
i,517
m,517
t,517
e,517
n,517
j,517
d,517
a,518
b,518
l,518
m,518
i,518
t,518
q,518
e,518
n,518
j,518
d,518
a,519
l,519
k,519
s,519
g,519
e,519
n,519
j,519
d,519
f,520
g,520
c,520
i,520
s,520
l,520
k,520
e,520
n,520
j,520
d,520
a,521
k,521
p,521
h,521
s,521
e,521
n,521
j,521
d,521
a,522
h,522
o,522
m,522
i,522
q,522
t,522
e,522
n,522
j,522
d,522
f,523
o,523
h,523
c,523
g,523
p,523
m,523
t,523
q,523
e,523
n,523
j,523
d,523
f,524
i,524
k,524
s,524
h,524
g,524
c,524
e,524
n,524
j,524
d,524
a,525
l,525
b,525
i,525
r,525
m,525
t,525
e,525
n,525
j,525
d,525
a,526
k,526
i,526
h,526
s,526
e,526
n,526
j,526
d,526
f,527
h,527
k,527
s,527
p,527
e,527
n,527
j,527
d,527
a,528
p,528
r,528
m,528
l,528
q,528
t,528
e,528
n,528
j,528
d,528
a,529
l,529
i,529
s,529
g,529
k,529
e,529
n,529
j,529
d,529
f,530
s,530
p,530
k,530
l,530
e,530
n,530
j,530
d,530
f,531
l,531
g,531
i,531
e,531
n,531
j,531
d,531
f,532
o,532
g,532
m,532
p,532
h,532
q,532
t,532
e,532
n,532
j,532
d,532
a,533
i,533
k,533
l,533
s,533
g,533
e,533
n,533
j,533
d,533
f,534
r,534
h,534
b,534
m,534
t,534
e,534
n,534
j,534
d,534
a,535
l,535
k,535
s,535
e,535
n,535
j,535
d,535
a,536
h,536
i,536
k,536
s,536
e,536
n,536
j,536
d,536
f,537
o,537
m,537
h,537
t,537
q,537
e,537
n,537
j,537
d,537
f,538
a,539
b,539
h,539
r,539
m,539
q,539
e,539
n,539
j,539
d,539
a,540
i,540
l,540
o,540
m,540
t,540
q,540
e,540
n,540
j,540
d,540
f,541
g,541
p,541
b,541
l,541
r,541
m,541
q,541
t,541
e,541
n,541
j,541
d,541
a,542
o,542
h,542
m,542
g,542
q,542
t,542
e,542
n,542
j,542
d,542
a,543
g,543
l,543
b,543
i,543
m,543
q,543
e,543
n,543
j,543
d,543
a,544
o,544
l,544
m,544
t,544
q,544
e,544
n,544
j,544
d,544
a,545
i,545
l,545
o,545
m,545
q,545
t,545
e,545
n,545
j,545
d,545
f,546
g,546
p,546
h,546
c,546
b,546
m,546
q,546
t,546
e,546
n,546
j,546
d,546
f,547
g,547
h,547
p,547
e,547
n,547
j,547
d,547
a,548
h,548
g,548
b,548
m,548
t,548
q,548
e,548
n,548
j,548
d,548
a,549
i,549
b,549
l,549
r,549
m,549
t,549
e,549
n,549
j,549
d,549
f,550
l,550
o,550
m,550
q,550
i,550
t,550
e,550
n,550
j,550
d,550
a,551
k,551
s,551
g,551
l,551
e,551
n,551
j,551
d,551
a,552
s,552
g,552
l,552
k,552
e,552
n,552
j,552
d,552
f,553
s,553
i,553
k,553
l,553
e,553
n,553
j,553
d,553
f,554
l,554
o,554
i,554
m,554
t,554
q,554
e,554
n,554
j,554
d,554
a,555
a,556
k,556
h,556
s,556
e,556
n,556
j,556
d,556
f,557
s,557
k,557
i,557
g,557
l,557
e,557
n,557
j,557
d,557
a,558
r,558
h,558
m,558
q,558
t,558
e,558
n,558
j,558
d,558
f,559
i,559
k,559
h,559
s,559
e,559
n,559
j,559
d,559
a,560
l,560
p,560
b,560
r,560
m,560
q,560
t,560
e,560
n,560
j,560
d,560
a,561
h,561
g,561
p,561
e,561
n,561
j,561
d,561
f,562
k,562
s,562
h,562
e,562
n,562
j,562
d,562
a,563
r,563
g,563
p,563
m,563
t,563
h,563
q,563
e,563
n,563
j,563
d,563
a,564
h,564
c,564
i,564
g,564
b,564
m,564
q,564
t,564
e,564
n,564
j,564
d,564
a,565
p,565
h,565
s,565
k,565
e,565
n,565
j,565
d,565
f,566
a,567
b,567
h,567
r,567
p,567
m,567
t,567
q,567
e,567
n,567
j,567
d,567
f,568
l,568
s,568
k,568
i,568
e,568
n,568
j,568
d,568
f,569
l,569
k,569
s,569
i,569
e,569
n,569
j,569
d,569
a,570
g,570
o,570
p,570
c,570
m,570
h,570
q,570
e,570
n,570
j,570
d,570
f,571
b,571
r,571
h,571
m,571
q,571
t,571
e,571
n,571
j,571
d,571
a,572
b,572
g,572
m,572
t,572
q,572
h,572
p,572
e,572
n,572
j,572
d,572
a,573
s,573
p,573
k,573
h,573
e,573
n,573
j,573
d,573
a,574
c,574
b,574
g,574
i,574
l,574
m,574
q,574
e,574
n,574
j,574
d,574
a,575
g,575
r,575
p,575
l,575
b,575
m,575
q,575
t,575
e,575
n,575
j,575
d,575
f,576
i,576
l,576
r,576
m,576
t,576
e,576
n,576
j,576
d,576
f,577
s,577
k,577
h,577
p,577
e,577
n,577
j,577
d,577
f,578
g,578
l,578
o,578
p,578
m,578
q,578
t,578
e,578
n,578
j,578
d,578
f,579
h,579
k,579
s,579
g,579
i,579
e,579
n,579
j,579
d,579
f,580
o,580
h,580
p,580
m,580
q,580
t,580
e,580
n,580
j,580
d,580
a,581
s,581
h,581
k,581
e,581
n,581
j,581
d,581
f,582
i,582
k,582
l,582
s,582
e,582
n,582
j,582
d,582
f,583
s,583
g,583
c,583
h,583
k,583
e,583
n,583
j,583
d,583
f,584
k,584
i,584
s,584
l,584
g,584
e,584
n,584
j,584
d,584
a,585
r,585
m,585
h,585
q,585
e,585
n,585
j,585
d,585
f,586
p,586
l,586
o,586
m,586
t,586
e,586
n,586
j,586
d,586
a,587
s,587
i,587
k,587
l,587
e,587
n,587
j,587
d,587
a,588
l,588
i,588
b,588
m,588
q,588
t,588
e,588
n,588
j,588
d,588
f,589
g,589
l,589
i,589
e,589
n,589
j,589
d,589
a,590
p,590
l,590
s,590
k,590
e,590
n,590
j,590
d,590
a,591
l,591
o,591
m,591
g,591
q,591
t,591
e,591
n,591
j,591
d,591
f,592
o,592
h,592
p,592
m,592
q,592
e,592
n,592
j,592
d,592
a,593
i,593
h,593
e,593
n,593
j,593
d,593
f,594
p,594
l,594
k,594
s,594
e,594
n,594
j,594
d,594
f,595
i,595
h,595
g,595
c,595
e,595
n,595
j,595
d,595
a,596
h,596
r,596
i,596
b,596
m,596
q,596
e,596
n,596
j,596
d,596
f,597
l,597
i,597
o,597
m,597
t,597
e,597
n,597
j,597
d,597
a,598
p,598
k,598
g,598
l,598
s,598
e,598
n,598
j,598
d,598
a,599
p,599
h,599
r,599
m,599
q,599
t,599
e,599
n,599
j,599
d,599
a,600
r,600
i,600
l,600
b,600
m,600
t,600
q,600
e,600
n,600
j,600
d,600
f,601
a,602
l,602
g,602
i,602
o,602
m,602
q,602
t,602
e,602
n,602
j,602
d,602
a,603
i,603
o,603
h,603
m,603
q,603
e,603
n,603
j,603
d,603
a,604
r,604
h,604
m,604
t,604
e,604
n,604
j,604
d,604
f,605
c,605
k,605
s,605
g,605
l,605
i,605
e,605
n,605
j,605
d,605
f,606
b,606
r,606
l,606
p,606
m,606
q,606
e,606
n,606
j,606
d,606
f,607
i,607
s,607
l,607
k,607
e,607
n,607
j,607
d,607
a,608
o,608
m,608
t,608
g,608
h,608
e,608
n,608
j,608
d,608
f,609
k,609
s,609
l,609
i,609
e,609
n,609
j,609
d,609
a,610
l,610
s,610
k,610
e,610
n,610
j,610
d,610
a,611
h,611
i,611
e,611
n,611
j,611
d,611
a,612
i,612
s,612
k,612
h,612
e,612
n,612
j,612
d,612
a,613
i,613
l,613
e,613
n,613
j,613
d,613
f,614
o,614
m,614
i,614
l,614
q,614
e,614
n,614
j,614
d,614
a,615
p,615
l,615
r,615
b,615
m,615
t,615
e,615
n,615
j,615
d,615
a,616
h,616
o,616
i,616
m,616
q,616
e,616
n,616
j,616
d,616
a,617
s,617
l,617
k,617
e,617
n,617
j,617
d,617
f,618
o,618
p,618
m,618
t,618
h,618
q,618
e,618
n,618
j,618
d,618
a,619
p,619
k,619
s,619
g,619
l,619
e,619
n,619
j,619
d,619
f,620
p,620
s,620
g,620
l,620
k,620
e,620
n,620
j,620
d,620
f,621
g,621
h,621
k,621
c,621
s,621
e,621
n,621
j,621
d,621
f,622
p,622
h,622
g,622
e,622
n,622
j,622
d,622
a,623
k,623
h,623
s,623
p,623
e,623
n,623
j,623
d,623
a,624
i,624
b,624
r,624
l,624
m,624
t,624
q,624
e,624
n,624
j,624
d,624
a,625
h,625
i,625
b,625
m,625
q,625
t,625
e,625
n,625
j,625
d,625
a,626
g,626
p,626
k,626
h,626
s,626
e,626
n,626
j,626
d,626
a,627
i,627
h,627
o,627
m,627
q,627
e,627
n,627
j,627
d,627
a,628
p,628
c,628
g,628
k,628
h,628
s,628
e,628
n,628
j,628
d,628
f,629
g,629
h,629
p,629
o,629
m,629
t,629
q,629
e,629
n,629
j,629
d,629
a,630
f,631
p,631
o,631
h,631
m,631
q,631
t,631
e,631
n,631
j,631
d,631
f,632
r,632
g,632
m,632
p,632
q,632
h,632
t,632
e,632
n,632
j,632
d,632
a,633
p,633
s,633
k,633
h,633
e,633
n,633
j,633
d,633
a,634
k,634
h,634
c,634
s,634
g,634
i,634
e,634
n,634
j,634
d,634
f,635
p,635
b,635
h,635
m,635
t,635
e,635
n,635
j,635
d,635
f,636
r,636
h,636
i,636
m,636
q,636
e,636
n,636
j,636
d,636
a,637
l,637
r,637
i,637
m,637
t,637
e,637
n,637
j,637
d,637
a,638
i,638
c,638
o,638
l,638
g,638
m,638
q,638
e,638
n,638
j,638
d,638
f,639
g,639
l,639
s,639
c,639
k,639
e,639
n,639
j,639
d,639
f,640
h,640
k,640
i,640
g,640
s,640
e,640
n,640
j,640
d,640
a,641
c,641
p,641
k,641
h,641
s,641
g,641
e,641
n,641
j,641
d,641
f,642
g,642
c,642
i,642
l,642
e,642
n,642
j,642
d,642
a,643
p,643
h,643
r,643
b,643
m,643
q,643
t,643
e,643
n,643
j,643
d,643
f,644
p,644
h,644
o,644
m,644
q,644
e,644
n,644
j,644
d,644
a,645
h,645
i,645
b,645
m,645
t,645
q,645
e,645
n,645
j,645
d,645
a,646
g,646
b,646
h,646
m,646
t,646
e,646
n,646
j,646
d,646
f,647
s,647
k,647
l,647
e,647
n,647
j,647
d,647
a,648
f,649
h,649
k,649
s,649
e,649
g,649
n,649
j,649
d,649
f,650
i,650
s,650
h,650
g,650
c,650
k,650
e,650
n,650
j,650
d,650
a,651
p,651
k,651
h,651
s,651
e,651
n,651
j,651
d,651
a,652
c,652
r,652
b,652
g,652
h,652
i,652
m,652
t,652
e,652
n,652
j,652
d,652
f,653
h,653
p,653
g,653
s,653
k,653
e,653
n,653
j,653
d,653
a,654
f,655
p,655
h,655
k,655
s,655
e,655
n,655
j,655
d,655
a,656
p,656
o,656
l,656
m,656
t,656
q,656
e,656
n,656
j,656
d,656
f,657
i,657
s,657
h,657
k,657
e,657
n,657
j,657
d,657
a,658
b,658
h,658
r,658
m,658
t,658
q,658
e,658
n,658
j,658
d,658
f,659
g,659
i,659
s,659
h,659
k,659
e,659
n,659
j,659
d,659
a,660
a,661
l,661
p,661
e,661
n,661
g,661
j,661
d,661
a,662
k,662
g,662
c,662
l,662
p,662
s,662
e,662
n,662
j,662
d,662
f,663
h,663
p,663
g,663
c,663
o,663
m,663
q,663
e,663
n,663
j,663
d,663
f,664
k,664
s,664
i,664
l,664
e,664
n,664
j,664
d,664
a,665
g,665
c,665
a,666
p,666
h,666
k,666
s,666
e,666
n,666
j,666
d,666
f,667
s,667
k,667
p,667
h,667
e,667
n,667
j,667
d,667
f,668
b,668
r,668
h,668
m,668
i,668
q,668
t,668
e,668
n,668
j,668
d,668
a,669
o,669
p,669
l,669
m,669
t,669
e,669
n,669
j,669
d,669
a,670
g,670
c,670
p,670
l,670
e,670
n,670
j,670
d,670
a,671
f,672
l,672
r,672
i,672
m,672
q,672
e,672
n,672
j,672
d,672
a,673
a,674
s,674
k,674
i,674
l,674
e,674
n,674
j,674
d,674
f,675
l,675
p,675
o,675
m,675
t,675
q,675
e,675
n,675
j,675
d,675
f,676
r,676
g,676
l,676
i,676
b,676
m,676
q,676
t,676
e,676
n,676
j,676
d,676
f,677
h,677
s,677
k,677
e,677
n,677
j,677
d,677
f,678
o,678
g,678
c,678
h,678
m,678
t,678
e,678
n,678
j,678
d,678
a,679
r,679
b,679
p,679
l,679
m,679
t,679
q,679
e,679
n,679
j,679
d,679
a,680
h,680
s,680
g,680
c,680
k,680
e,680
n,680
j,680
d,680
f,681
s,681
k,681
g,681
h,681
i,681
c,681
e,681
n,681
j,681
d,681
a,682
a,683
l,683
i,683
o,683
m,683
t,683
q,683
e,683
n,683
j,683
d,683
f,684
h,684
i,684
o,684
m,684
t,684
q,684
e,684
n,684
j,684
d,684
f,685
k,685
s,685
l,685
p,685
e,685
n,685
j,685
d,685
f,686
o,686
i,686
l,686
m,686
q,686
t,686
e,686
n,686
j,686
d,686
a,687
h,687
r,687
i,687
b,687
m,687
t,687
e,687
n,687
j,687
d,687
a,688
l,688
i,688
s,688
k,688
e,688
n,688
j,688
d,688
a,689
o,689
p,689
h,689
m,689
q,689
e,689
n,689
j,689
d,689
f,690
h,690
s,690
g,690
c,690
i,690
k,690
e,690
n,690
j,690
d,690
a,691
c,691
k,691
i,691
s,691
h,691
g,691
e,691
n,691
j,691
d,691
f,692
h,692
s,692
k,692
i,692
g,692
e,692
n,692
j,692
d,692
f,693
g,693
b,693
r,693
h,693
m,693
t,693
e,693
n,693
j,693
d,693
a,694
h,694
o,694
m,694
t,694
q,694
e,694
n,694
j,694
d,694
f,695
r,695
b,695
h,695
m,695
q,695
e,695
n,695
j,695
d,695
a,696
f,697
h,697
o,697
g,697
m,697
t,697
q,697
e,697
n,697
j,697
d,697
a,698
i,698
b,698
l,698
m,698
t,698
q,698
e,698
n,698
j,698
d,698
a,699
a,700
s,700
h,700
g,700
k,700
p,700
e,700
n,700
j,700
d,700
f,701
g,701
h,701
o,701
m,701
q,701
e,701
n,701
j,701
d,701
f,702
h,702
s,702
i,702
k,702
e,702
n,702
j,702
d,702
a,703
o,703
m,703
l,703
t,703
q,703
e,703
n,703
j,703
d,703
f,704
g,704
s,704
k,704
h,704
e,704
n,704
j,704
d,704
a,705
i,705
o,705
m,705
h,705
q,705
t,705
e,705
n,705
j,705
d,705
f,706
k,706
s,706
g,706
l,706
i,706
e,706
n,706
j,706
d,706
a,707
b,707
h,707
r,707
g,707
m,707
t,707
q,707
e,707
n,707
j,707
d,707
f,708
g,708
c,708
h,708
b,708
r,708
m,708
t,708
e,708
n,708
j,708
d,708
a,709
f,710
h,710
g,710
o,710
i,710
m,710
q,710
t,710
e,710
n,710
j,710
d,710
a,711
g,711
h,711
i,711
o,711
m,711
q,711
e,711
n,711
j,711
d,711
a,712
g,712
o,712
m,712
q,712
h,712
t,712
e,712
n,712
j,712
d,712
a,713
h,713
b,713
g,713
m,713
p,713
q,713
t,713
e,713
n,713
j,713
d,713
f,714
g,714
c,714
o,714
p,714
h,714
m,714
t,714
e,714
n,714
j,714
d,714
f,715
c,715
o,715
l,715
g,715
m,715
q,715
t,715
e,715
n,715
j,715
d,715
f,716
h,716
r,716
m,716
q,716
e,716
n,716
j,716
d,716
a,717
o,717
g,717
l,717
m,717
t,717
e,717
n,717
j,717
d,717
f,718
h,718
p,718
e,718
n,718
j,718
d,718
f,719
g,719
c,719
b,719
l,719
p,719
r,719
m,719
t,719
e,719
n,719
j,719
d,719
f,720
p,720
h,720
c,720
g,720
e,720
n,720
j,720
d,720
a,721
p,721
o,721
h,721
m,721
q,721
e,721
n,721
j,721
d,721
f,722
f,723
s,723
k,723
g,723
l,723
e,723
n,723
j,723
d,723
f,724
k,724
g,724
s,724
l,724
c,724
e,724
n,724
j,724
d,724
f,725
i,725
h,725
s,725
k,725
e,725
n,725
j,725
d,725
a,726
k,726
l,726
s,726
e,726
n,726
j,726
d,726
f,727
o,727
h,727
m,727
t,727
e,727
n,727
j,727
d,727
a,728
l,728
g,728
p,728
e,728
n,728
j,728
d,728
f,729
h,729
i,729
r,729
m,729
q,729
t,729
e,729
n,729
j,729
d,729
f,730
p,730
h,730
r,730
b,730
m,730
q,730
e,730
n,730
j,730
d,730
a,731
k,731
s,731
l,731
i,731
e,731
n,731
j,731
d,731
f,732
o,732
h,732
i,732
m,732
q,732
e,732
n,732
j,732
d,732
a,733
h,733
p,733
r,733
b,733
m,733
q,733
e,733
n,733
j,733
d,733
a,734
c,734
s,734
h,734
i,734
k,734
g,734
e,734
n,734
j,734
d,734
f,735
i,735
h,735
g,735
c,735
k,735
s,735
e,735
n,735
j,735
d,735
f,736
a,737
s,737
k,737
l,737
e,737
n,737
j,737
d,737
a,738
h,738
g,738
c,738
p,738
e,738
n,738
j,738
d,738
a,739
k,739
h,739
s,739
e,739
g,739
n,739
j,739
d,739
f,740
h,740
i,740
s,740
k,740
e,740
n,740
j,740
d,740
f,741
g,741
c,741
k,741
s,741
p,741
l,741
e,741
n,741
j,741
d,741
f,742
a,743
s,743
l,743
k,743
g,743
c,743
e,743
n,743
j,743
d,743
f,744
g,744
p,744
l,744
e,744
n,744
j,744
d,744
a,745
i,745
g,745
l,745
e,745
n,745
j,745
d,745
a,746
l,746
g,746
k,746
s,746
e,746
n,746
j,746
d,746
f,747
g,747
c,747
i,747
s,747
h,747
k,747
e,747
n,747
j,747
d,747
a,748
k,748
l,748
p,748
s,748
e,748
n,748
j,748
d,748
f,749
b,749
h,749
m,749
q,749
t,749
e,749
n,749
j,749
d,749
a,750
l,750
g,750
s,750
k,750
e,750
n,750
j,750
d,750
a,751
o,751
i,751
l,751
m,751
t,751
q,751
e,751
n,751
j,751
d,751
f,752
s,752
p,752
h,752
k,752
e,752
n,752
j,752
d,752
a,753
p,753
r,753
g,753
l,753
b,753
m,753
t,753
q,753
e,753
n,753
j,753
d,753
f,754
i,754
o,754
l,754
m,754
q,754
e,754
n,754
j,754
d,754
f,755
k,755
h,755
s,755
e,755
n,755
j,755
d,755
f,756
h,756
i,756
o,756
m,756
t,756
e,756
n,756
j,756
d,756
a,757
h,757
r,757
m,757
t,757
e,757
n,757
j,757
d,757
a,758
b,758
r,758
l,758
m,758
q,758
e,758
n,758
j,758
d,758
a,759
k,759
p,759
s,759
l,759
g,759
e,759
n,759
j,759
d,759
f,760
s,760
k,760
l,760
p,760
e,760
n,760
j,760
d,760
a,761
a,762
h,762
k,762
s,762
p,762
e,762
n,762
j,762
d,762
a,763
g,763
p,763
c,763
h,763
o,763
m,763
t,763
e,763
n,763
j,763
d,763
f,764
f,765
g,765
l,765
c,765
p,765
e,765
n,765
j,765
d,765
f,766
i,766
s,766
g,766
c,766
l,766
k,766
e,766
n,766
j,766
d,766
a,767
p,767
o,767
h,767
m,767
g,767
t,767
e,767
n,767
j,767
d,767
f,768
l,768
i,768
s,768
c,768
g,768
k,768
e,768
n,768
j,768
d,768
a,769
k,769
s,769
l,769
e,769
n,769
j,769
d,769
f,770
p,770
o,770
l,770
g,770
m,770
q,770
e,770
n,770
j,770
d,770
f,771
l,771
s,771
k,771
e,771
n,771
j,771
d,771
f,772
l,772
s,772
g,772
k,772
c,772
e,772
n,772
j,772
d,772
f,773
p,773
h,773
g,773
c,773
e,773
n,773
j,773
d,773
a,774
i,774
l,774
r,774
b,774
m,774
t,774
q,774
e,774
n,774
j,774
d,774
f,775
l,775
o,775
m,775
t,775
q,775
e,775
n,775
j,775
d,775
f,776
o,776
l,776
m,776
i,776
q,776
e,776
n,776
j,776
d,776
f,777
s,777
l,777
k,777
e,777
n,777
j,777
d,777
f,778
c,778
s,778
h,778
p,778
g,778
k,778
e,778
n,778
j,778
d,778
f,779
s,779
g,779
k,779
l,779
p,779
e,779
n,779
j,779
d,779
a,780
l,780
s,780
p,780
c,780
g,780
k,780
e,780
n,780
j,780
d,780
f,781
l,781
o,781
i,781
m,781
q,781
t,781
e,781
n,781
j,781
d,781
a,782
l,782
s,782
k,782
g,782
p,782
c,782
e,782
n,782
j,782
d,782
a,783
s,783
k,783
h,783
c,783
i,783
g,783
e,783
n,783
j,783
d,783
a,784
c,784
g,784
l,784
p,784
e,784
n,784
j,784
d,784
a,785
g,785
h,785
o,785
m,785
q,785
e,785
n,785
j,785
d,785
a,786
h,786
b,786
r,786
m,786
q,786
t,786
e,786
n,786
j,786
d,786
f,787
k,787
g,787
h,787
s,787
i,787
e,787
n,787
j,787
d,787
f,788
r,788
h,788
p,788
b,788
m,788
t,788
q,788
e,788
n,788
j,788
d,788
a,789
c,789
s,789
p,789
g,789
k,789
l,789
e,789
n,789
j,789
d,789
f,790
f,791
o,791
h,791
m,791
q,791
e,791
n,791
j,791
d,791
a,792
i,792
g,792
l,792
c,792
e,792
n,792
j,792
d,792
a,793
a,794
g,794
l,794
k,794
p,794
s,794
e,794
n,794
j,794
d,794
a,795
k,795
i,795
s,795
h,795
e,795
n,795
j,795
d,795
f,796
s,796
h,796
p,796
k,796
e,796
n,796
j,796
d,796
a,797
s,797
g,797
c,797
l,797
k,797
e,797
n,797
j,797
d,797
f,798
h,798
g,798
b,798
m,798
q,798
t,798
e,798
n,798
j,798
d,798
a,799
p,799
k,799
g,799
l,799
c,799
s,799
e,799
n,799
j,799
d,799
a,800
k,800
l,800
s,800
p,800
e,800
n,800
j,800
d,800
a,801
p,801
h,801
e,801
n,801
j,801
d,801
f,802
f,803
g,803
i,803
s,803
c,803
k,803
l,803
e,803
n,803
j,803
d,803
a,804
l,804
g,804
r,804
m,804
q,804
t,804
e,804
n,804
j,804
d,804
f,805
g,805
h,805
c,805
p,805
e,805
n,805
j,805
d,805
f,806
k,806
i,806
s,806
h,806
e,806
n,806
j,806
d,806
a,807
f,808
s,808
k,808
i,808
l,808
e,808
n,808
j,808
d,808
f,809
l,809
i,809
e,809
g,809
c,809
n,809
j,809
d,809
a,810
g,810
l,810
p,810
o,810
m,810
t,810
e,810
n,810
j,810
d,810
f,811
h,811
i,811
c,811
o,811
g,811
m,811
q,811
t,811
e,811
n,811
j,811
d,811
f,812
i,812
g,812
h,812
b,812
m,812
q,812
t,812
e,812
n,812
j,812
d,812
a,813
s,813
g,813
l,813
c,813
k,813
p,813
e,813
n,813
j,813
d,813
a,814
i,814
g,814
h,814
o,814
m,814
q,814
t,814
e,814
n,814
j,814
d,814
f,815
l,815
o,815
g,815
m,815
t,815
e,815
n,815
j,815
d,815
a,816
r,816
b,816
h,816
g,816
i,816
m,816
q,816
e,816
n,816
j,816
d,816
a,817
a,818
h,818
i,818
o,818
m,818
q,818
e,818
n,818
j,818
d,818
f,819
l,819
p,819
g,819
e,819
n,819
j,819
d,819
a,820
o,820
g,820
p,820
l,820
c,820
m,820
t,820
q,820
e,820
n,820
j,820
d,820
a,821
o,821
l,821
p,821
m,821
t,821
e,821
n,821
j,821
d,821
a,822
g,822
s,822
h,822
k,822
c,822
e,822
n,822
j,822
d,822
f,823
f,824
h,824
i,824
g,824
e,824
n,824
j,824
d,824
a,825
a,826
a,827
l,827
s,827
i,827
k,827
e,827
n,827
j,827
d,827
f,828
g,828
k,828
i,828
s,828
l,828
e,828
n,828
j,828
d,828
a,829
a,830
h,830
s,830
i,830
k,830
e,830
n,830
j,830
d,830
f,831
h,831
k,831
g,831
s,831
e,831
n,831
j,831
d,831
a,832
c,832
g,832
a,833
f,834
l,834
i,834
o,834
m,834
q,834
t,834
e,834
n,834
j,834
d,834
f,835
p,835
s,835
l,835
k,835
e,835
n,835
j,835
d,835
f,836
k,836
p,836
s,836
l,836
e,836
n,836
j,836
d,836
f,837
c,837
r,837
g,837
p,837
h,837
b,837
m,837
q,837
t,837
e,837
n,837
j,837
d,837
a,838
p,838
s,838
h,838
k,838
e,838
n,838
j,838
d,838
f,839
h,839
s,839
p,839
k,839
e,839
n,839
j,839
d,839
a,840
l,840
p,840
s,840
k,840
e,840
n,840
j,840
d,840
f,841
h,841
g,841
p,841
o,841
c,841
m,841
t,841
e,841
n,841
j,841
d,841
f,842
g,842
i,842
h,842
e,842
n,842
c,842
j,842
d,842
a,843
s,843
g,843
p,843
k,843
l,843
e,843
n,843
j,843
d,843
f,844
i,844
s,844
k,844
l,844
e,844
n,844
j,844
d,844
a,845
o,845
h,845
m,845
q,845
e,845
n,845
j,845
d,845
a,846
l,846
i,846
o,846
m,846
q,846
e,846
n,846
j,846
d,846
f,847
h,847
g,847
c,847
i,847
e,847
n,847
j,847
d,847
f,848
o,848
p,848
m,848
h,848
q,848
t,848
e,848
n,848
j,848
d,848
a,849
l,849
c,849
s,849
g,849
p,849
k,849
e,849
n,849
j,849
d,849
f,850
h,850
b,850
m,850
t,850
e,850
n,850
j,850
d,850
a,851
p,851
l,851
r,851
m,851
q,851
e,851
n,851
j,851
d,851
a,852
s,852
i,852
h,852
k,852
e,852
n,852
j,852
d,852
a,853
h,853
p,853
s,853
k,853
e,853
n,853
j,853
d,853
a,854
p,854
s,854
k,854
l,854
e,854
n,854
j,854
d,854
f,855
r,855
h,855
i,855
m,855
t,855
e,855
n,855
j,855
d,855
a,856
i,856
l,856
r,856
m,856
q,856
t,856
e,856
n,856
j,856
d,856
a,857
o,857
m,857
p,857
h,857
q,857
t,857
e,857
n,857
j,857
d,857
a,858
f,859
s,859
g,859
k,859
h,859
e,859
n,859
j,859
d,859
f,860
b,860
r,860
p,860
l,860
m,860
t,860
e,860
n,860
j,860
d,860
f,861
f,862
h,862
g,862
i,862
e,862
n,862
j,862
d,862
f,863
s,863
h,863
k,863
e,863
n,863
j,863
d,863
a,864
s,864
k,864
p,864
l,864
g,864
e,864
n,864
j,864
d,864
a,865
i,865
h,865
s,865
k,865
e,865
n,865
j,865
d,865
a,866
h,866
g,866
o,866
p,866
m,866
q,866
e,866
n,866
j,866
d,866
a,867
o,867
i,867
h,867
m,867
t,867
e,867
n,867
j,867
d,867
f,868
h,868
s,868
p,868
g,868
k,868
e,868
n,868
j,868
d,868
a,869
o,869
h,869
i,869
m,869
q,869
t,869
e,869
n,869
j,869
d,869
a,870
h,870
s,870
k,870
e,870
n,870
j,870
d,870
a,871
a,872
i,872
c,872
g,872
h,872
e,872
n,872
j,872
d,872
f,873
o,873
m,873
t,873
h,873
p,873
q,873
e,873
n,873
j,873
d,873
f,874
h,874
o,874
p,874
m,874
q,874
e,874
n,874
j,874
d,874
f,875
g,875
c,875
f,876
k,876
l,876
i,876
s,876
e,876
n,876
j,876
d,876
a,877
s,877
g,877
k,877
i,877
h,877
e,877
n,877
j,877
d,877
a,878
o,878
i,878
m,878
l,878
q,878
e,878
n,878
j,878
d,878
f,879
k,879
l,879
s,879
i,879
e,879
n,879
j,879
d,879
f,880
p,880
c,880
l,880
g,880
e,880
n,880
j,880
d,880
f,881
i,881
s,881
k,881
h,881
e,881
n,881
j,881
d,881
f,882
h,882
k,882
s,882
i,882
e,882
n,882
j,882
d,882
a,883
b,883
l,883
r,883
i,883
m,883
q,883
e,883
n,883
j,883
d,883
f,884
g,884
k,884
s,884
h,884
c,884
e,884
n,884
j,884
d,884
f,885
r,885
l,885
g,885
m,885
i,885
t,885
e,885
n,885
j,885
d,885
a,886
l,886
o,886
p,886
m,886
t,886
e,886
n,886
j,886
d,886
a,887
p,887
l,887
g,887
c,887
o,887
m,887
q,887
e,887
n,887
j,887
d,887
a,888
i,888
h,888
s,888
k,888
e,888
g,888
n,888
j,888
d,888
f,889
b,889
r,889
m,889
q,889
i,889
h,889
e,889
n,889
j,889
d,889
a,890
l,890
p,890
o,890
m,890
t,890
q,890
e,890
n,890
j,890
d,890
a,891
h,891
p,891
b,891
r,891
m,891
t,891
e,891
n,891
j,891
d,891
f,892
p,892
o,892
h,892
m,892
t,892
e,892
n,892
j,892
d,892
a,893
i,893
s,893
l,893
k,893
e,893
n,893
j,893
d,893
f,894
g,894
l,894
o,894
m,894
q,894
e,894
n,894
j,894
d,894
f,895
h,895
o,895
p,895
m,895
t,895
q,895
e,895
n,895
j,895
d,895
a,896
i,896
g,896
h,896
e,896
n,896
j,896
d,896
f,897
g,897
h,897
b,897
m,897
p,897
t,897
e,897
n,897
j,897
d,897
f,898
f,899
i,899
l,899
e,899
n,899
j,899
d,899
f,900
l,900
b,900
p,900
r,900
m,900
t,900
e,900
n,900
j,900
d,900
a,901
f,902
l,902
b,902
m,902
q,902
t,902
e,902
n,902
j,902
d,902
a,903
i,903
l,903
k,903
s,903
e,903
n,903
j,903
d,903
f,904
g,904
c,904
h,904
p,904
r,904
m,904
t,904
q,904
e,904
n,904
j,904
d,904
a,905
k,905
s,905
i,905
h,905
e,905
n,905
j,905
d,905
f,906
l,906
g,906
k,906
s,906
i,906
e,906
n,906
j,906
d,906
f,907
o,907
g,907
m,907
q,907
h,907
c,907
e,907
n,907
j,907
d,907
f,908
g,908
i,908
h,908
o,908
m,908
t,908
q,908
e,908
n,908
j,908
d,908
a,909
b,909
l,909
m,909
q,909
t,909
e,909
n,909
j,909
d,909
a,910
i,910
h,910
b,910
r,910
m,910
t,910
q,910
e,910
n,910
j,910
d,910
a,911
f,912
r,912
b,912
l,912
m,912
t,912
e,912
n,912
j,912
d,912
f,913
l,913
i,913
r,913
b,913
m,913
q,913
e,913
n,913
j,913
d,913
f,914
k,914
h,914
s,914
g,914
e,914
n,914
j,914
d,914
f,915
g,915
l,915
s,915
k,915
e,915
n,915
j,915
d,915
f,916
b,916
l,916
r,916
m,916
q,916
e,916
n,916
j,916
d,916
f,917
f,918
f,919
k,919
s,919
p,919
l,919
e,919
n,919
j,919
d,919
a,920
g,920
i,920
l,920
e,920
n,920
j,920
d,920
f,921
i,921
h,921
b,921
m,921
t,921
e,921
n,921
j,921
d,921
f,922
i,922
b,922
l,922
g,922
m,922
t,922
q,922
e,922
n,922
j,922
d,922
a,923
h,923
r,923
i,923
b,923
m,923
q,923
t,923
e,923
n,923
j,923
d,923
a,924
i,924
l,924
c,924
g,924
e,924
n,924
j,924
d,924
f,925
k,925
s,925
h,925
p,925
e,925
n,925
j,925
d,925
f,926
h,926
g,926
p,926
e,926
n,926
j,926
d,926
f,927
c,927
l,927
i,927
o,927
g,927
m,927
t,927
e,927
n,927
j,927
d,927
f,928
h,928
r,928
b,928
p,928
m,928
t,928
q,928
e,928
n,928
j,928
d,928
a,929
l,929
p,929
o,929
m,929
q,929
t,929
e,929
n,929
j,929
d,929
f,930
f,931
l,931
s,931
k,931
p,931
e,931
n,931
j,931
d,931
a,932
p,932
g,932
c,932
o,932
l,932
m,932
q,932
t,932
e,932
n,932
j,932
d,932
f,933
i,933
h,933
r,933
g,933
m,933
q,933
e,933
n,933
j,933
d,933
f,934
l,934
i,934
g,934
e,934
n,934
j,934
d,934
f,935
i,935
l,935
r,935
m,935
q,935
t,935
e,935
n,935
j,935
d,935
f,936
l,936
o,936
m,936
i,936
t,936
q,936
e,936
n,936
j,936
d,936
a,937
o,937
l,937
m,937
t,937
e,937
n,937
j,937
d,937
f,938
i,938
g,938
l,938
r,938
c,938
m,938
q,938
e,938
n,938
j,938
d,938
a,939
a,940
b,940
p,940
h,940
m,940
q,940
e,940
n,940
j,940
d,940
a,941
o,941
l,941
m,941
q,941
i,941
t,941
e,941
n,941
j,941
d,941
f,942
l,942
g,942
p,942
e,942
n,942
j,942
d,942
a,943
g,943
l,943
i,943
c,943
e,943
n,943
j,943
d,943
f,944
s,944
c,944
l,944
k,944
g,944
p,944
e,944
n,944
j,944
d,944
a,945
l,945
s,945
p,945
k,945
e,945
n,945
j,945
d,945
f,946
p,946
k,946
l,946
s,946
e,946
n,946
j,946
d,946
a,947
h,947
k,947
p,947
g,947
s,947
e,947
n,947
j,947
d,947
a,948
s,948
g,948
h,948
k,948
p,948
e,948
n,948
j,948
d,948
a,949
l,949
i,949
g,949
e,949
n,949
j,949
d,949
a,950
k,950
s,950
i,950
l,950
e,950
n,950
j,950
d,950
a,951
c,951
p,951
k,951
s,951
g,951
h,951
e,951
n,951
j,951
d,951
f,952
r,952
m,952
q,952
l,952
e,952
n,952
j,952
d,952
a,953
h,953
p,953
s,953
k,953
g,953
e,953
n,953
j,953
d,953
f,954
s,954
l,954
k,954
g,954
e,954
n,954
j,954
d,954
a,955
p,955
h,955
o,955
m,955
q,955
t,955
e,955
n,955
j,955
d,955
f,956
k,956
i,956
l,956
s,956
e,956
n,956
j,956
d,956
a,957
o,957
g,957
p,957
m,957
h,957
t,957
e,957
n,957
j,957
d,957
f,958
g,958
i,958
r,958
h,958
b,958
m,958
q,958
t,958
e,958
n,958
j,958
d,958
f,959
g,959
h,959
i,959
c,959
e,959
n,959
j,959
d,959
f,960
l,960
k,960
g,960
i,960
s,960
e,960
n,960
j,960
d,960
f,961
k,961
h,961
p,961
s,961
e,961
n,961
j,961
d,961
f,962
l,962
o,962
m,962
q,962
e,962
n,962
j,962
d,962
f,963
l,963
k,963
s,963
e,963
n,963
j,963
d,963
a,964
g,964
c,964
h,964
o,964
i,964
m,964
q,964
e,964
n,964
j,964
d,964
a,965
i,965
g,965
h,965
r,965
m,965
t,965
q,965
e,965
n,965
j,965
d,965
f,966
i,966
h,966
g,966
r,966
m,966
t,966
q,966
e,966
n,966
j,966
d,966
a,967
f,968
h,968
o,968
m,968
q,968
t,968
e,968
n,968
j,968
d,968
f,969
i,969
h,969
c,969
g,969
e,969
n,969
j,969
d,969
f,970
c,970
g,970
l,970
o,970
m,970
t,970
q,970
e,970
n,970
j,970
d,970
a,971
b,971
r,971
h,971
m,971
t,971
q,971
e,971
n,971
j,971
d,971
f,972
p,972
g,972
h,972
e,972
n,972
j,972
d,972
a,973
s,973
l,973
i,973
k,973
g,973
c,973
e,973
n,973
j,973
d,973
f,974
p,974
h,974
o,974
m,974
t,974
q,974
e,974
n,974
j,974
d,974
f,975
a,976
h,976
o,976
g,976
m,976
q,976
t,976
e,976
n,976
j,976
d,976
a,977
l,977
b,977
p,977
m,977
t,977
e,977
n,977
j,977
d,977
f,978
c,978
h,978
i,978
g,978
r,978
m,978
t,978
e,978
n,978
j,978
d,978
a,979
o,979
g,979
h,979
m,979
q,979
t,979
e,979
n,979
j,979
d,979
f,980
g,980
c,980
o,980
m,980
p,980
h,980
q,980
e,980
n,980
j,980
d,980
a,981
k,981
g,981
s,981
h,981
p,981
e,981
n,981
j,981
d,981
f,982
r,982
m,982
p,982
t,982
l,982
e,982
n,982
j,982
d,982
a,983
l,983
s,983
c,983
i,983
k,983
g,983
e,983
n,983
j,983
d,983
a,984
h,984
o,984
i,984
m,984
t,984
e,984
n,984
j,984
d,984
f,985
c,985
l,985
k,985
g,985
s,985
e,985
n,985
j,985
d,985
a,986
g,986
l,986
p,986
k,986
s,986
c,986
e,986
n,986
j,986
d,986
a,987
k,987
p,987
s,987
h,987
e,987
n,987
j,987
d,987
f,988
s,988
k,988
h,988
c,988
i,988
g,988
e,988
n,988
j,988
d,988
f,989
o,989
h,989
m,989
i,989
t,989
e,989
n,989
j,989
d,989
f,990
i,990
o,990
h,990
m,990
q,990
e,990
n,990
j,990
d,990
a,991
r,991
p,991
l,991
m,991
t,991
q,991
e,991
n,991
j,991
d,991
a,992
p,992
s,992
k,992
g,992
h,992
e,992
n,992
j,992
d,992
a,993
b,993
r,993
m,993
l,993
q,993
t,993
e,993
n,993
j,993
d,993
a,994
h,994
o,994
p,994
m,994
t,994
q,994
e,994
n,994
j,994
d,994
f,995
l,995
g,995
o,995
m,995
q,995
e,995
n,995
j,995
d,995
a,996
l,996
r,996
p,996
b,996
m,996
q,996
t,996
e,996
n,996
j,996
d,996
a,997
l,997
c,997
i,997
g,997
r,997
m,997
t,997
e,997
n,997
j,997
d,997
a,998
h,998
k,998
s,998
e,998
n,998
j,998
d,998
f,999
p,999
s,999
k,999
l,999
e,999
n,999
j,999
d,999
a,1000
l,1000
c,1000
s,1000
p,1000
g,1000
k,1000
e,1000
n,1000
j,1000
d,1000
